"type";"type_gepubliceerd"
"_A";"_A"
"_B";"_B"
"_D";"_D"
"_E";"_E"
"_G";"_G"
"_H";"_H"
"_IetsRaars";"_IetsRaars"
"_M";"_M"
"_O";"_O"
"_R";"_R"
"_U";"_U"
"_V";"_V"
"_W";"_W"
"_W2";"_W2"
"_Z";"_Z"
"1310_pol - da";"1310_pol - da"
"1310_pol - da_min";"1310_pol - da°"
"1330_hpr - da";"1330_hpr - da"
"1330_hpr - da_min";"1330_hpr - da°"
"2190_mp";"2190_mp"
"2190_mp - mp_min";"2190_mp - mp°"
"2310 - cd";"2310 - cd"
"2310 - cd+cg";"2310 - cd+cg"
"2310 - cg";"2310 - cg"
"2310 - cg_min";"2310 - cg°"
"2310 - cm";"2310 - cm"
"2310 - cm+cg";"2310 - cm+cg"
"2310 - cv";"2310 - cv"
"2310 - ha+cg";"2310 - ha+cg"
"2330";"2330"
"2330_bu - cm";"2330_bu - cm"
"2330_bu - dm_min";"2330_bu - dm°"
"2330_bu - dm+hac";"2330_bu - dm+hac"
"2330_bu - hac";"2330_bu - hac"
"2330_bu - hac_min";"2330_bu - hac°"
"2330_dw";"2330_dw"
"2330_dw - hat";"2330_dw - hat"
"2330_dw - hat_min";"2330_dw - hat°"
"4010 - ce";"4010 - ce"
"4010 - ce_min";"4010 - ce°"
"4010 - ce+myr";"4010 - ce+myr"
"4010 - cm";"4010 - cm"
"4010 - cm+ce";"4010 - cm+ce"
"4010 - cm+cv";"4010 - cm+cv"
"4010 - cm+myr";"4010 - cm+myr"
"4010 - cv";"4010 - cv"
"4010/4030 - c";"4010/4030 - c"
"4010/4030 - ce+cg";"4010/4030 - ce+cg"
"4010/4030 - cm";"4010/4030 - cm"
"4010/4030 - cm+ce+cg";"4010/4030 - cm+ce+cg"
"4010/7150/7140_oli";"4010/7150/7140_oli"
"4010_";"4010"
"4030 - cd";"4030 - cd"
"4030 - cd+cg";"4030 - cd+cg"
"4030 - cd+cv";"4030 - cd+cv"
"4030 - cg";"4030 - cg"
"4030 - cg_min";"4030 - cg°"
"4030 - cm";"4030 - cm"
"4030 - cm+cg";"4030 - cm+cg"
"4030 - cm+cv";"4030 - cm+cv"
"4030 - cp";"4030 - cp"
"4030 - cv";"4030 - cv"
"4030 - ha+cg";"4030 - ha+cg"
"4030_";"4030"
"5130_hei";"5130_hei"
"6120 - hu";"6120 - hu"
"6210_hk - hk";"6210_hk - hk"
"6210_hk - hk_min";"6210_hk - hk°"
"6210P_hk - hk";"6210P_hk - hk"
"6210P_hk - hk_ster";"6210P_hk - hk*"
"6230/6410 - hm_min";"6230/6410 - hm°"
"6230_ha - ha_ster";"6230_ha - ha*"
"6230_hmo - hmo";"6230_hmo - hmo"
"6230_hmo - hmo_min";"6230_hmo - hmo°"
"6230_hn - hn";"6230_hn - hn"
"6230_hn - hn_min";"6230_hn - hn°"
"6230_hnk - hn";"6230_hnk - hn"
"6410_mo - hm";"6410_mo"
"6410_mo - hm_min";"6410_mo - hm°"
"6410_mo - hme";"6410_mo - hme"
"6410_mo - hme_min";"6410_mo - hme°"
"6410_mo - hmm";"6410_mo - hmm"
"6410_mo - hmm_min";"6410_mo - hmm°"
"6410_ve - hm";"6410_ve - hm"
"6410_ve - hm_min";"6410_ve - hm°"
"6430_bz - hr";"6430_bz - hr"
"6430_hf - hf";"6430_hf - hf"
"6430_hf - hf_min";"6430_hf - hf°"
"6430_hf - hf_ster";"6430_hf - hf*"
"6430_hf - hfe";"6430_hf - hfe"
"6430_hf - hfe_min";"6430_hf - hfe°"
"6430_hf - hft";"6430_hf - hft"
"6430_hf - hft_min";"6430_hf - hft°"
"6430_hw - hfe";"6430_hw - hfe"
"6430_hw - hfe_min";"6430_hw - hfe°"
"6430_mr - mr";"6430_mr - mr"
"6430_mr - mr_min";"6430_mr - mr°"
"6510 - hu";"6510 - hu"
"6510_hu - hu";"6510_hu - hu"
"6510_hu - hu_ster";"6510_hu - hu*"
"6510_hua - hp_ster";"6510_hua - hp*"
"6510_huk - hu";"6510_huk - hu"
"6510_huk - hu_ster";"6510_huk - hu*"
"6510_hus - hu";"6510_hus - hu"
"6510_hus - hu_ster";"6510_hus - hu*"
"7110 - t";"7110 - t"
"7140";"7140"
"7140_base";"7140_base"
"7140_base - mk_min";"7140_base - mk°"
"7140_meso - ms";"7140_meso - ms"
"7140_meso - ms_min";"7140_meso - ms°"
"7140_mrd";"7140_mrd"
"7140_oli";"7140_oli"
"7140_oli - ces";"7140_oli - ces"
"7140_oli - ces_min";"7140_oli - ces°"
"7140_oli - ces+myr";"7140_oli - ces+myr"
"7140_oli - cm+ces";"7140_oli - cm+ces"
"7140_oli/4010 - ce(s)";"7140_oli/4010 - ce(s)"
"7150 - ce";"7150 - ce"
"7150 - md + ces";"7150 - md + ces"
"7210";"7210"
"7230";"7230"
"7230 - mk";"7230 - mk"
"7230 - mk_min";"7230 - mk°"
"gh - cd";"gh - cd"
"gh - ce";"gh - ce"
"gh - cg";"gh - cg"
"gh - cm";"gh - cm"
"gh - ha_min";"gh - ha°"
"gh - ha+cg";"gh - ha+cg"
"gh - hj";"gh - hj"
"gh - hp";"gh - hp"
"gh - hp_ster";"gh - hp*"
"gh - hpr ";"gh - hpr "
"gh - hpr_ster";"gh - hpr*"
"gh - hr";"gh - hr"
"gh - hu_min";"gh - hu°"
"gh - hx";"gh - hx"
"gh - ku";"gh - ku"
"gh - ku_min";"gh - ku°"
"gh - ku_ster";"gh - ku*"
"gh - mj";"gh - mj"
"gh - mr";"gh - mr"
"gh - mr_min";"gh - mr°"
"gh - sz/ce";"gh - sz/ce"
"gh - sz/cg";"gh - sz/cg"
"rbbha - ha";"rbbha - ha"
"rbbhc - hc";"rbbhc - hc"
"rbbhc - hc_min";"rbbhc - hc°"
"rbbhf - hf";"rbbhf - hf"
"rbbhf - hf_min";"rbbhf - hf°"
"rbbhf - hfc";"rbbhf - hfc"
"rbbhf - hfc_min";"rbbhf - hfc°"
"rbbhf - hft";"rbbhf - hft"
"rbbhf - hft_min";"rbbhf - hft°"
"rbbhfl - hfl";"rbbhfl - hfl"
"rbbhfl - hfl_min";"rbbhfl - hfl°"
"rbbkam - hp_ster";"rbbkam - hp*"
"rbbkam_ster - hp_ster";"rbbkam* - hp*"
"rbbmc - mc";"rbbmc - mc"
"rbbmc - mc_min";"rbbmc - mc°"
"rbbmr - mr";"rbbmr - mr"
"rbbmr - mr_min";"rbbmr - mr°"
"rbbms - ms";"rbbms - ms"
"rbbms - ms_min";"rbbms - ms°"
"rbbmz - mz";"rbbmz - mz"
"rbbsg - sg";"rbbsg - sg"
"rbbsm - sm";"rbbsm - sm"
"rbbvos - hp_ster";"rbbvos - hp*"
"rbbzil - hp_ster";"rbbzil - hp*"
"rbbzil_ster - hp_ster";"rbbzil* - hp*"
